<?xml version="1.0" encoding="utf-8" ?>
<odoo noupdate="1">
    <!-- Sequences For student.code (Student Code) -->
    <record id="seq_student_code" model="ir.sequence">
        <field name="name">Student code</field>
        <field name="code">student.code</field>
        <field name="padding">3</field>
        <field name="company_id" eval="False" />
    </record>

    <!-- Sequences For student.registration (Registration Code) -->

    <record id="seq_student_reg" model="ir.sequence">
        <field name="name">Student registration code</field>
        <field name="code">student.registration</field>
        <field name="padding">3</field>
        <field name="company_id" eval="False" />
    </record>

    <!-- Sequences For student.student (Personal Identification Number) -->

    <record id="seq_student_student" model="ir.sequence">
        <field name="name">Student</field>
        <field name="code">student.student</field>
        <field name="prefix">%(year)s/%(month)s/</field>
        <field name="padding">3</field>
        <field name="company_id" eval="False" />

    </record>

    <!-- Sequences For student.document (Student Documents) -->

    <record id="seq_student_document" model="ir.sequence">
        <field name="name">Document</field>
        <field name="code">student.document</field>
        <field name="prefix">F</field>
        <field name="padding">3</field>
        <field name="company_id" eval="False" />
    </record>

    <!-- Sequences For document.type (Document Type) -->

    <record id="seq_student_sequence" model="ir.sequence">
        <field name="name">sequence</field>
        <field name="code">document.type</field>
        <field name="padding">1</field>
        <field name="company_id" eval="False" />
    </record>
</odoo>
